Nombre y Apellido,Educación,Tipo de Cuenta Bancaria,Situación Laboral,Inicio de Cuenta,Cantidad Ahorrado,Créditos Obtenidos
Anselmo Rios Gimenez,Universitario,Ahorro,Independiente,2021-07-27,5118600,2
Albert Pons Bertrán,Medio,Corriente,Cesante,2021-03-17,10399618,2
Eulalia Escamilla Feijoo,Medio,Corriente,Cesante,2023-12-05,6768734,2
Curro Córdoba Tenorio,Medio,Ahorro,Dependiente,2020-12-21,13129001,2
Amaro Mayol Machado,Universitario,Ahorro,Cesante,2022-09-28,5442163,3
Carolina Amores Peña,Universitario,Corriente,Independiente,2021-04-17,7290058,4
Juan Cervantes Carrera,Medio,Corriente,Dependiente,2024-10-30,4887534,4
Concha Carvajal Ferrández,Incompleto,Corriente,Cesante,2021-05-14,10930623,2
Crescencia Murcia Pardo,Incompleto,Ahorro,Cesante,2024-10-13,6873952,1
Reyes Piñol Villaverde,Incompleto,Corriente,Dependiente,2023-12-30,12948773,4
Osvaldo Mata,Medio,Corriente,Independiente,2022-06-10,13525619,2
Felicia Merino Ferrández,Medio,Ahorro,Cesante,2022-10-31,5651262,3
Odalys Herranz Pelayo,Incompleto,Corriente,Independiente,2024-11-10,13229180,1
Sigfrido Rodriguez Pareja,Incompleto,Ahorro,Cesante,2021-12-05,13893810,1
Caridad Jordán-Pérez,Medio,Vista,Cesante,2024-07-08,12496178,4
Rosaura Palomares Muñoz,Incompleto,Ahorro,Dependiente,2023-07-26,11441894,2
Agustín Solís Español,Incompleto,Vista,Dependiente,2020-12-12,11327082,2
Noa Navarro Rosado,Medio,Vista,Dependiente,2024-02-29,8223741,2
Luz Revilla,Universitario,Ahorro,Dependiente,2023-05-12,6828428,1
Marcelino Moles Quevedo,Universitario,Vista,Cesante,2023-02-08,2794636,3
Bernardita Naranjo Cano,Universitario,Ahorro,Dependiente,2021-11-07,3948272,3
Vasco del Sedano,Incompleto,Corriente,Cesante,2024-08-09,5962792,3
Wálter Amigó-Barrena,Incompleto,Ahorro,Dependiente,2023-01-20,1422948,1
Irene Tudela Moliner,Medio,Corriente,Independiente,2021-11-08,8563736,1
Ágata Palacios Teruel,Universitario,Corriente,Independiente,2022-02-22,14075474,2
Rufino Bonet-Aguirre,Incompleto,Ahorro,Independiente,2024-03-20,12639449,4
Luis Miguel Arjona Carro,Medio,Vista,Cesante,2023-01-03,2443135,1
Jacobo Escolano Recio,Medio,Corriente,Independiente,2022-10-12,10059960,1
Gerardo Cuadrado Cortes,Incompleto,Ahorro,Cesante,2023-07-31,4642976,1
Rico Vilanova Valle,Medio,Ahorro,Independiente,2023-08-02,3838709,2
Plácido Zabaleta Godoy,Incompleto,Vista,Cesante,2021-12-19,10284603,2
Leoncio Lladó-Nadal,Medio,Corriente,Cesante,2024-04-27,9332987,4
José Antonio Rivas Bernat,Medio,Ahorro,Dependiente,2024-10-08,762476,3
Evaristo del Gordillo,Medio,Corriente,Cesante,2021-01-16,2624703,2
Custodia del Marcos,Incompleto,Ahorro,Independiente,2021-09-25,8832499,3
Carla Cueto Medina,Universitario,Corriente,Dependiente,2023-11-16,1945882,2
Epifanio de Ordóñez,Incompleto,Ahorro,Cesante,2023-04-28,12408559,3
Nando Quintana-Jimenez,Medio,Ahorro,Cesante,2023-03-13,7300876,4
Olivia Cañas Berenguer,Universitario,Vista,Dependiente,2021-07-26,11145472,1
Albina del Ochoa,Incompleto,Corriente,Dependiente,2023-03-20,6368383,3
Marcela Garmendia Jerez,Incompleto,Corriente,Cesante,2023-11-03,7127158,3
Ana Belén Saez-Roig,Universitario,Vista,Dependiente,2021-04-27,8563883,1
Febe Barranco Palmer,Medio,Vista,Dependiente,2024-07-05,12467771,2
Moreno Quintana,Universitario,Vista,Dependiente,2022-08-17,13567016,4
Sancho Olmedo Bravo,Incompleto,Corriente,Cesante,2021-12-10,5270063,4
Roque Toro Manuel,Medio,Vista,Dependiente,2024-05-14,5627,4
Zacarías del Velázquez,Medio,Vista,Cesante,2022-09-16,14191701,1
Adelardo Prada,Universitario,Corriente,Dependiente,2023-04-15,7531186,4
Albina Victoria Armas Terrón,Universitario,Corriente,Dependiente,2024-03-02,504371,1
Paola Martínez,Medio,Corriente,Cesante,2022-07-31,4555481,1
Marcos Conde-Ribes,Incompleto,Vista,Cesante,2024-01-23,413366,1
María Pilar Almagro Somoza,Medio,Ahorro,Independiente,2022-03-13,3051693,2
Máxima de Castell,Universitario,Vista,Dependiente,2023-04-17,3946090,4
Cirino Fuster Atienza,Medio,Corriente,Dependiente,2021-09-02,4782137,4
Carolina Mir-Cuervo,Medio,Corriente,Independiente,2023-01-07,6543946,1
Mariana Páez Castañeda,Universitario,Corriente,Dependiente,2022-12-23,6638077,1
Ariel Acero Pou,Medio,Ahorro,Independiente,2024-11-12,13904250,1
Noemí Blanca Gonzalo,Medio,Vista,Cesante,2022-02-28,14335508,2
Rosendo Seco-Puig,Universitario,Ahorro,Dependiente,2023-08-10,4069203,3
Alondra Codina Saldaña,Medio,Vista,Cesante,2023-12-10,14465491,4
Tadeo Torrents,Medio,Vista,Independiente,2023-02-23,761087,4
Paco Alcántara Alcázar,Medio,Ahorro,Cesante,2021-09-09,11373219,2
Casandra Atienza Llorente,Incompleto,Vista,Cesante,2021-09-23,4723765,1
Claudia Villena Pastor,Universitario,Ahorro,Cesante,2023-11-11,5636531,4
Pepe Baeza,Medio,Corriente,Dependiente,2021-11-05,10859101,4
Dulce Arco Arias,Medio,Corriente,Dependiente,2024-03-23,4573339,4
Américo de Vázquez,Incompleto,Corriente,Dependiente,2023-11-21,556650,1
Custodia Prudencia Juárez Abad,Medio,Corriente,Cesante,2021-02-25,6137422,2
Jose Antonio Ordóñez Montoya,Medio,Vista,Cesante,2023-10-11,3116877,2
Tito Amores Sevillano,Incompleto,Corriente,Dependiente,2021-08-03,9250702,2
Lucho Lillo Pelayo,Incompleto,Ahorro,Independiente,2023-11-28,9668031,4
Dorotea Ríos,Universitario,Vista,Independiente,2023-08-01,11769054,3
Etelvina Feliciana Aguirre Tudela,Medio,Corriente,Independiente,2024-10-23,3066309,1
Nilda Moya Prat,Incompleto,Vista,Cesante,2022-01-01,5032086,1
Valentín Almeida Parejo,Universitario,Vista,Cesante,2023-04-06,14522017,4
Nilda Abril-Adadia,Medio,Ahorro,Cesante,2024-08-25,1043769,4
Macario Ferreras Paredes,Incompleto,Corriente,Dependiente,2021-05-28,11242688,3
Malena Iriarte Escolano,Medio,Ahorro,Independiente,2021-04-10,2076887,4
Alma Barón Baeza,Universitario,Vista,Dependiente,2024-04-20,2078681,2
Cecilia Hervás Hernandez,Universitario,Vista,Dependiente,2024-07-31,11116445,3
Reynaldo del Recio,Universitario,Vista,Cesante,2021-08-10,11478049,4
Francisco Jose Cazorla Valbuena,Universitario,Corriente,Independiente,2023-09-24,12440683,2
Manuelita Cepeda Dueñas,Medio,Corriente,Cesante,2023-06-25,9203627,3
Petrona Ileana Dávila Criado,Medio,Vista,Cesante,2021-06-12,3827624,4
Edelmiro Ordóñez Sastre,Universitario,Corriente,Dependiente,2024-08-29,644341,4
Irma Velázquez Cuevas,Medio,Vista,Dependiente,2023-10-10,4794433,4
Rosaura Vallejo-Feliu,Incompleto,Vista,Independiente,2024-02-27,3758115,3
Lucho de Roura,Incompleto,Ahorro,Cesante,2024-09-21,13279543,4
Eufemia de Villalba,Incompleto,Vista,Dependiente,2021-04-29,12128963,3
Carolina Espejo Alcántara,Medio,Ahorro,Dependiente,2023-11-11,5844281,4
Laura de Alegria,Medio,Ahorro,Dependiente,2024-05-23,8591548,1
Elodia Varela,Medio,Ahorro,Cesante,2021-07-02,2949661,3
Florinda Jaume Acuña,Medio,Corriente,Dependiente,2021-08-31,2484089,1
Dani Roca Nuñez,Universitario,Vista,Dependiente,2023-03-27,12872712,1
Samanta Pardo Montoya,Incompleto,Vista,Cesante,2021-09-22,13018456,3
María Jesús Quintana Saura,Universitario,Corriente,Independiente,2022-12-15,93711,3
Sofía Trujillo Navarrete,Medio,Corriente,Independiente,2021-07-03,14114363,4
Rebeca Pedrero,Medio,Ahorro,Dependiente,2024-07-24,3902742,4
Juan Pablo Sotelo Santamaría,Universitario,Vista,Cesante,2023-11-05,8634393,2
Carina Eulalia Guillen Miguel,Universitario,Ahorro,Independiente,2022-08-04,7615747,3
Cruz Bueno Aroca,Medio,Ahorro,Independiente,2021-09-04,12653198,2
Segismundo Castell Nebot,Universitario,Vista,Dependiente,2023-04-16,1197106,2
Casemiro Yuste-Montenegro,Universitario,Vista,Dependiente,2021-11-15,6780887,4
Marcia del Mendoza,Medio,Corriente,Independiente,2022-07-11,13927114,1
Hugo de Pareja,Medio,Ahorro,Dependiente,2024-09-19,4462532,4
América Rocío Giménez Elías,Medio,Corriente,Cesante,2022-04-17,9743155,4
Crescencia Portero-Cabañas,Medio,Corriente,Independiente,2022-11-25,7925936,4
Toño Arias Figuerola,Universitario,Ahorro,Dependiente,2024-07-29,14032959,1
Clotilde Osuna Lluch,Universitario,Corriente,Independiente,2024-10-21,7562811,3
Domingo Espejo Zabala,Universitario,Corriente,Cesante,2024-09-16,8281203,4
Martin Tudela Nieto,Incompleto,Corriente,Independiente,2022-12-17,9053011,2
Nilda Páez,Universitario,Corriente,Independiente,2023-06-09,5236606,1
Marcio Agullo Elorza,Incompleto,Corriente,Independiente,2021-02-02,14059061,4
Renato de Iñiguez,Incompleto,Ahorro,Independiente,2023-01-22,2848211,1
Amada Garay Rico,Medio,Corriente,Dependiente,2023-02-17,11616091,2
Clotilde Serafina Gil Acosta,Incompleto,Corriente,Independiente,2021-11-30,915173,3
Victor Manuel Borrego Pino,Incompleto,Ahorro,Cesante,2021-01-07,11243113,2
León Taboada Bustos,Medio,Corriente,Dependiente,2023-04-17,6734222,3
Eugenio Francisco Salazar,Incompleto,Corriente,Cesante,2023-03-12,4504957,3
Belen Catalán Huertas,Medio,Ahorro,Dependiente,2024-02-10,3286189,4
Onofre Carranza Gomila,Incompleto,Corriente,Dependiente,2023-05-14,761677,1
Martín Tudela Barceló,Medio,Vista,Dependiente,2021-07-08,9473553,3
Selena Sosa Aranda,Incompleto,Ahorro,Dependiente,2024-11-21,497106,4
Jose Ignacio Valderrama Villalonga,Universitario,Vista,Independiente,2023-06-19,8310989,2
Hermenegildo Malo-Sierra,Medio,Vista,Dependiente,2021-04-27,13781332,1
Isaías Taboada Colomer,Medio,Vista,Dependiente,2023-01-20,12668898,4
Águeda Pi Cuevas,Universitario,Vista,Independiente,2022-12-31,615266,2
Gloria Montserrat Asenjo Amador,Incompleto,Ahorro,Dependiente,2021-02-24,14478939,4
Esther Sebastián Mayoral,Medio,Ahorro,Independiente,2022-07-12,13823820,2
Florencio Puig,Universitario,Vista,Cesante,2023-12-02,5631485,3
Angelino Amaya Valcárcel,Universitario,Corriente,Independiente,2022-01-06,5541659,3
Andrés Felipe Landa,Medio,Vista,Dependiente,2023-06-05,8807212,4
Pepito Fajardo Aznar,Universitario,Ahorro,Dependiente,2024-05-25,11511752,3
Abraham Monreal Soto,Universitario,Corriente,Cesante,2020-11-26,8546948,1
Osvaldo Torrens Plaza,Incompleto,Corriente,Dependiente,2023-06-02,14071420,2
Miguel Ángel Carreño Bertrán,Medio,Ahorro,Cesante,2021-10-16,5367203,2
Emigdio de Asenjo,Universitario,Ahorro,Cesante,2021-07-14,1931583,4
Zoraida Aguilera Pedrosa,Incompleto,Corriente,Cesante,2024-07-24,581756,1
Marino Piña Amores,Universitario,Ahorro,Dependiente,2022-10-30,11834750,1
Custodia Tena Menendez,Universitario,Corriente,Cesante,2021-05-12,13121581,2
Primitiva del Valdés,Medio,Ahorro,Independiente,2023-06-02,1666309,1
Susanita Campo Ferrández,Incompleto,Vista,Independiente,2023-07-29,12369016,2
Luz Macaria Guzmán Pons,Universitario,Vista,Independiente,2024-05-09,8921126,2
Florencio Codina Acosta,Incompleto,Corriente,Independiente,2021-01-24,2932154,2
Flavio Canals-Pallarès,Universitario,Corriente,Dependiente,2023-07-16,6700145,1
Dorita Pujol Baquero,Medio,Ahorro,Independiente,2024-11-17,4329081,2
Basilio del Conesa,Universitario,Corriente,Independiente,2023-09-24,11496784,2
Néstor Lobo Bárcena,Medio,Vista,Cesante,2022-09-14,8181039,4
Cayetana del Pou,Universitario,Ahorro,Cesante,2022-11-29,347909,2
Paz Merche Martínez Julián,Medio,Corriente,Independiente,2023-08-19,9947608,1
Malena Calvet Olmedo,Incompleto,Ahorro,Cesante,2022-11-17,10518277,4
Ofelia Nicolau Ferrando,Incompleto,Ahorro,Cesante,2022-12-12,8512442,1
María Arranz Amigó,Incompleto,Ahorro,Dependiente,2023-11-22,11350933,2
Mamen del Luna,Medio,Ahorro,Independiente,2024-07-21,8261028,2
Tadeo Rosa Bellido,Universitario,Corriente,Dependiente,2023-05-10,10114809,3
Íñigo Beltran Zorrilla,Medio,Corriente,Independiente,2023-04-14,2974424,1
Ciro Nuñez,Medio,Ahorro,Cesante,2022-03-16,9788773,3
Soledad Torrens-Herrera,Medio,Ahorro,Independiente,2024-07-13,2561241,3
José Mari del Flores,Universitario,Ahorro,Dependiente,2023-12-07,10034675,2
Cruz Ruano-Jódar,Medio,Vista,Dependiente,2023-10-01,4104120,1
Demetrio Rivero Río,Medio,Vista,Independiente,2023-04-25,9919315,2
Gastón Quevedo-Martí,Incompleto,Vista,Independiente,2021-01-29,6973889,3
Albino Sans Marti,Incompleto,Ahorro,Independiente,2024-04-10,14686817,3
Arcelia Bayona,Incompleto,Corriente,Independiente,2023-10-12,8782354,1
Gerónimo Claudio Guerrero Higueras,Universitario,Vista,Independiente,2022-01-19,3816255,3
Marianela Moles Gonzalez,Medio,Vista,Dependiente,2024-02-16,10565058,2
Victor Manuel Figuerola Pedrero,Incompleto,Corriente,Cesante,2021-01-17,11771999,3
Seve Tamayo-Casanovas,Universitario,Vista,Cesante,2021-05-04,4132001,3
Jose Ignacio Casado Ramis,Medio,Ahorro,Dependiente,2023-05-13,12883053,1
Concha Lillo Franch,Incompleto,Ahorro,Dependiente,2024-02-12,14656877,3
Abilio Corominas Medina,Incompleto,Ahorro,Independiente,2021-11-24,904455,3
Brunilda Vigil Peláez,Medio,Corriente,Dependiente,2024-01-03,6176996,1
Aura Peláez Mariscal,Medio,Corriente,Independiente,2021-06-13,12016446,2
Bernardino Echevarría-Puente,Medio,Corriente,Independiente,2022-05-24,8048266,4
Ernesto Navarro Gaya,Universitario,Corriente,Independiente,2020-12-27,11735864,3
Juan Iborra Villa,Medio,Ahorro,Independiente,2021-10-27,10897792,4
Guiomar Montes Berenguer,Medio,Vista,Dependiente,2020-12-20,13868350,3
Gustavo Clímaco Armengol Maza,Incompleto,Corriente,Dependiente,2022-03-21,13767926,1
Yolanda Jara Morante,Medio,Ahorro,Dependiente,2021-12-21,13989198,1
Felisa Ferreras Diéguez,Medio,Vista,Cesante,2024-09-05,8131959,3
Agapito Lerma Palacio,Medio,Ahorro,Dependiente,2022-05-02,357800,1
Chita Solana Robles,Universitario,Ahorro,Cesante,2024-10-30,9768504,3
Chema Eligio Manrique Cózar,Medio,Vista,Independiente,2021-07-29,12916648,2
Salud del Anguita,Medio,Corriente,Independiente,2023-12-16,666673,3
Dan Prat Serra,Universitario,Ahorro,Independiente,2024-10-22,8550559,3
Obdulia Niño Fuster,Universitario,Corriente,Independiente,2024-08-16,11322501,3
Adriana Martirio Bautista Anglada,Medio,Ahorro,Independiente,2022-10-11,9168079,4
Esmeralda Robledo Mateo,Incompleto,Corriente,Cesante,2022-12-31,1771465,2
Marita Oliver,Incompleto,Vista,Dependiente,2022-09-29,13995341,4
Josefina Luís Cañas,Universitario,Corriente,Cesante,2021-04-22,2654856,3
Flavia Lloret Aragonés,Incompleto,Corriente,Independiente,2023-04-26,11031964,2
León Cervera Diaz,Universitario,Vista,Cesante,2022-12-24,7527435,4
Julio Santiago Crespi Trillo,Incompleto,Ahorro,Cesante,2024-06-01,3812138,3
Rosalía Pozuelo-Mateu,Medio,Corriente,Dependiente,2022-09-16,12577879,2
Úrsula Rivera Morera,Medio,Ahorro,Cesante,2021-11-19,7678714,1
Julio Maestre Moles,Incompleto,Corriente,Independiente,2021-08-12,11992238,3
Abilio Barberá Antón,Incompleto,Ahorro,Independiente,2024-04-26,10902062,1
Elba Leire Santiago Donaire,Universitario,Vista,Independiente,2021-05-05,6723493,4
Santos Gelabert Matas,Medio,Corriente,Independiente,2021-06-18,12439974,3
Filomena Asensio Gibert,Incompleto,Corriente,Independiente,2024-08-26,437270,3
Andrea Fonseca Villanueva,Incompleto,Ahorro,Cesante,2021-05-24,5997181,1
Lucho Arana Bustos,Incompleto,Vista,Independiente,2023-11-04,8433948,1
Eladio Cuéllar Montero,Incompleto,Vista,Cesante,2020-11-25,8342660,3
Silvia Ángel Vall,Medio,Vista,Dependiente,2023-06-20,7034670,3
Esperanza de Casanovas,Incompleto,Corriente,Independiente,2021-02-21,9394082,3
María Carmen Lamas Sedano,Incompleto,Vista,Independiente,2023-12-20,10115063,4
Carolina Margarita Enríquez Iglesia,Universitario,Vista,Independiente,2024-06-06,7470489,3
Jose Ramón Rico Cisneros,Universitario,Corriente,Independiente,2021-06-23,7430956,2
Leandra Villaverde Márquez,Incompleto,Corriente,Dependiente,2024-02-28,13344050,2
Esmeralda del Batalla,Incompleto,Ahorro,Independiente,2022-04-21,7624787,2
Xavier Prada Escolano,Medio,Ahorro,Independiente,2024-01-11,5554368,1
Teresa Zoraida Barceló Garrido,Incompleto,Ahorro,Independiente,2023-05-24,10890482,4
Alejandro Huerta Conde,Medio,Corriente,Cesante,2022-09-29,12995853,2
Jose Ignacio Cáceres Lara,Incompleto,Corriente,Independiente,2024-05-25,6326633,1
Melchor Olmedo Estrada,Universitario,Ahorro,Dependiente,2023-06-09,386603,2
Flavio Adán Mir,Medio,Ahorro,Independiente,2024-09-22,2485217,1
Carmela del Segura,Incompleto,Corriente,Cesante,2023-10-25,9432351,3
Fabián Robledo Belda,Universitario,Corriente,Cesante,2024-04-02,10734888,4
Amando Solsona,Medio,Vista,Dependiente,2021-12-15,13242535,3
Chucho Adadia Cerdán,Incompleto,Corriente,Cesante,2023-09-04,10075201,1
Abril Villalonga Calatayud,Incompleto,Ahorro,Independiente,2023-05-11,12621965,2
Felicia Teresa Esparza Pereira,Medio,Ahorro,Dependiente,2022-08-25,331381,2
Plinio del Pizarro,Medio,Vista,Cesante,2024-08-27,5746923,1
Pascual del Saez,Medio,Corriente,Independiente,2022-10-31,3089743,2
Sebastian Marin,Medio,Vista,Cesante,2024-05-22,4173621,1
José Atilio Olivera Zurita,Medio,Vista,Cesante,2023-07-09,2472055,3
Renata Cid,Medio,Corriente,Cesante,2023-07-02,7355634,4
Tamara de Cano,Universitario,Ahorro,Independiente,2023-06-14,2683417,4
Miguel Ángel Bas Agullo,Universitario,Vista,Dependiente,2022-07-21,10824857,3
Emilio de Caro,Medio,Vista,Cesante,2020-11-27,310813,4
Amelia Miriam Prat Bárcena,Medio,Vista,Dependiente,2021-01-23,6141991,1
Abilio Vicens Caballero,Universitario,Ahorro,Dependiente,2024-02-16,12164699,3
Carmelita Oller Canet,Medio,Corriente,Independiente,2024-02-24,10724870,4
Amalia Santamaría-Pla,Medio,Corriente,Dependiente,2021-08-24,11511021,2
Cleto Olivares-Nieto,Medio,Ahorro,Dependiente,2024-04-17,12893967,1
Eusebia Gámez Villalonga,Incompleto,Ahorro,Dependiente,2022-05-10,11805996,4
Nicanor Palomares Blazquez,Universitario,Vista,Independiente,2021-04-30,1765150,1
Alejo Anglada Gargallo,Medio,Vista,Cesante,2023-08-26,13641430,1
Cristina Patiño Royo,Universitario,Ahorro,Dependiente,2023-04-09,5134543,4
Porfirio de Pinedo,Incompleto,Ahorro,Dependiente,2021-02-21,11939398,4
Aurelio del Caro,Incompleto,Corriente,Independiente,2020-12-22,5223996,1
Ana Sofía Manzanares Montero,Medio,Vista,Independiente,2022-01-26,679649,2
Araceli Fuertes Aragonés,Incompleto,Ahorro,Cesante,2023-04-30,12572499,3
Estrella Soledad Lloret Rojas,Universitario,Vista,Cesante,2022-02-22,736425,1
Ceferino Acosta,Universitario,Corriente,Dependiente,2023-09-04,4017498,3
Vicenta Campoy Roman,Medio,Vista,Independiente,2023-04-22,11248200,3
Santos Perera Quesada,Medio,Ahorro,Cesante,2021-03-07,6472753,3
Severino Monreal Ferrero,Incompleto,Corriente,Dependiente,2023-09-21,9909907,1
Ruben Naranjo,Universitario,Vista,Cesante,2023-05-07,6220670,2
Gabino Nicolás,Universitario,Corriente,Cesante,2022-12-17,7979390,1
Tecla Iborra,Incompleto,Vista,Dependiente,2020-12-19,9906491,1
Aránzazu Julián-Ballesteros,Incompleto,Vista,Cesante,2024-01-18,8233056,2
Rosalía Montenegro Rojas,Incompleto,Vista,Independiente,2021-03-06,2149716,4
Guiomar Palmer Guzman,Incompleto,Vista,Cesante,2021-09-10,11398180,3
Clotilde de Peralta,Incompleto,Corriente,Cesante,2023-03-19,7619050,4
Godofredo Casanova Oliveras,Incompleto,Corriente,Dependiente,2021-10-12,1477247,2
Marcia Pilar Gilabert Martorell,Universitario,Vista,Cesante,2022-03-09,1431169,4
Hernando Cruz,Incompleto,Corriente,Cesante,2024-07-07,3727367,2
Bibiana Ferreras Dalmau,Universitario,Corriente,Cesante,2023-01-16,9694968,2
Cebrián Lillo Lastra,Incompleto,Vista,Cesante,2020-12-18,7423355,4
Eloísa de Martin,Medio,Ahorro,Cesante,2021-09-28,3439320,3
Petrona Montes,Incompleto,Corriente,Independiente,2024-01-14,5782226,3
José Mari Puga,Incompleto,Ahorro,Dependiente,2021-11-06,14142772,2
Concepción Clemente Cifuentes,Incompleto,Ahorro,Dependiente,2024-03-30,4432499,2
Félix Giner,Universitario,Vista,Independiente,2023-06-13,4946229,1
Guiomar Berenguer Lucas,Universitario,Corriente,Dependiente,2022-09-16,9559591,2
Eligia Cifuentes Cámara,Medio,Corriente,Cesante,2021-09-16,14251075,2
Ovidio Franco,Universitario,Corriente,Cesante,2022-08-17,4749276,4
Sabina Montenegro Garmendia,Universitario,Corriente,Dependiente,2021-11-02,8235847,2
Marcela Novoa Molins,Medio,Corriente,Independiente,2022-01-04,11707458,4
Gustavo Rosendo Alegre Arrieta,Incompleto,Ahorro,Cesante,2024-03-07,14707992,2
Rufino del Grande,Universitario,Corriente,Cesante,2024-05-23,9601083,3
Daniel Galvez Hernández,Incompleto,Vista,Independiente,2021-05-05,11433556,4
Bernardita Soriano Rios,Incompleto,Corriente,Cesante,2024-10-18,13458323,2
José María Burgos Checa,Universitario,Corriente,Independiente,2023-11-07,6759942,1
Chuy Hernandez Bejarano,Medio,Vista,Independiente,2023-05-07,7028560,3
Maximino Aramburu Rivera,Incompleto,Corriente,Cesante,2024-06-17,4858505,1
Luis Gimeno,Incompleto,Ahorro,Dependiente,2023-02-15,2177497,2
Marino Pinto Guerra,Medio,Vista,Independiente,2024-11-18,13955224,2
Carlito Vaquero Bueno,Universitario,Corriente,Cesante,2024-01-23,13862176,3
Hernán Mármol,Universitario,Vista,Cesante,2024-10-09,14071318,4
Américo Mendez Guitart,Incompleto,Vista,Cesante,2024-03-05,6344495,1
Néstor de Torrens,Universitario,Vista,Cesante,2022-08-13,4208523,1
Manuel de Orozco,Medio,Corriente,Dependiente,2021-08-25,12149916,3
Dionisia Ramirez,Universitario,Corriente,Independiente,2022-01-27,13392807,3
Elisa Tomás Vilar,Medio,Ahorro,Dependiente,2021-12-08,2292667,2
Luna Ocaña Millán,Incompleto,Ahorro,Dependiente,2023-09-12,13896389,3
Alfredo Santos Rivero Carrión,Incompleto,Ahorro,Cesante,2021-08-05,5423933,3
Timoteo Pujol Barrio,Incompleto,Vista,Cesante,2021-06-16,9144839,4
Ignacia Giner,Incompleto,Corriente,Cesante,2022-06-13,8152293,1
Saturnino Campoy Tamayo,Incompleto,Vista,Dependiente,2023-07-18,9314316,2
Pelayo Fernández Segura,Universitario,Vista,Independiente,2024-03-03,14385733,1
Nazaret Concepción Castilla Amigó,Universitario,Ahorro,Dependiente,2024-06-12,10989694,2
Vanesa Nicolás Parra,Universitario,Corriente,Cesante,2023-01-24,7287844,3
Concha Orozco Arribas,Incompleto,Vista,Dependiente,2024-07-09,3821186,2
Leonor Roman Aroca,Medio,Vista,Dependiente,2023-09-10,282242,2
Esperanza Arce Higueras,Universitario,Corriente,Dependiente,2022-03-24,13053704,2
Horacio Páez Prats,Incompleto,Ahorro,Cesante,2022-03-23,5682380,2
Juan Belmonte,Medio,Vista,Cesante,2021-07-02,13289263,4
Roberta Tejero,Universitario,Ahorro,Dependiente,2024-08-15,647431,3
Maximiano Cervera Escalona,Universitario,Corriente,Independiente,2023-07-27,11603635,2
Ambrosio Serna Segovia,Incompleto,Vista,Dependiente,2023-01-29,13551571,1
Pepito Polo,Medio,Corriente,Dependiente,2023-12-31,872103,4
Isabel Monreal Meléndez,Medio,Ahorro,Independiente,2024-06-29,2897148,4
Ani Nayara Carbonell Amor,Medio,Corriente,Dependiente,2023-01-05,562073,4
Aránzazu Lucas Belmonte,Medio,Ahorro,Cesante,2021-08-24,14998708,1
Eligia Sedano Puig,Medio,Corriente,Independiente,2021-09-06,6273131,3
Adelaida Rocío Cortes Morillo,Universitario,Corriente,Cesante,2023-01-06,5106797,2
Mar Bibiana Segovia Múñiz,Universitario,Vista,Dependiente,2023-08-27,9328110,3
Rosario Ugarte-Salazar,Medio,Vista,Dependiente,2022-10-26,2950180,2
Cleto Cobos Viña,Incompleto,Corriente,Cesante,2023-12-24,4958048,3
Loreto Bayona Burgos,Medio,Ahorro,Independiente,2021-11-05,524812,4
Teresa Malo Carrasco,Medio,Corriente,Independiente,2021-05-14,4078530,4
Mariano Vigil,Incompleto,Corriente,Dependiente,2022-10-15,3100409,1
José Luis Bautista Ramírez,Universitario,Corriente,Independiente,2023-05-18,588704,2
Yaiza Sacristán Roca,Medio,Ahorro,Dependiente,2022-08-10,14757144,2
Arturo Pardo Baena,Medio,Vista,Cesante,2024-07-26,2533966,1
Amor Lastra Santamaria,Universitario,Vista,Independiente,2024-09-19,12031351,1
Silvio Puente Caballero,Universitario,Ahorro,Independiente,2021-09-08,2590716,3
Ligia Robles Echevarría,Medio,Ahorro,Cesante,2023-04-05,10604284,3
Emilia Rocamora Priego,Incompleto,Ahorro,Dependiente,2022-02-12,11422916,3
Lucila de Gelabert,Incompleto,Ahorro,Cesante,2021-07-04,4209773,4
Moisés Pou,Universitario,Vista,Cesante,2023-03-22,7591933,1
Che Torrens,Universitario,Corriente,Independiente,2024-10-08,14215441,2
Catalina Ramirez,Universitario,Corriente,Dependiente,2024-09-20,5373364,1
Consuela Alegre Grande,Universitario,Corriente,Independiente,2024-01-27,2513250,3
Dominga del Grau,Medio,Corriente,Independiente,2020-11-30,9429756,2
Martin Alvarez-Godoy,Medio,Ahorro,Independiente,2024-06-23,2802601,2
Javier Campos Noguera,Universitario,Corriente,Cesante,2024-06-24,13841192,1
Eva María Arranz Conesa,Medio,Vista,Independiente,2021-07-09,10177428,4
Rolando Torrents Bayo,Incompleto,Ahorro,Independiente,2023-11-10,5962205,3
Morena Goicoechea Lerma,Incompleto,Corriente,Independiente,2023-01-11,11680987,3
Pascual Muro Infante,Incompleto,Vista,Dependiente,2022-09-09,6138426,3
Lino de Sancho,Medio,Ahorro,Cesante,2021-11-03,7316653,4
Begoña Abad Planas,Medio,Corriente,Dependiente,2024-02-08,8563353,2
Esmeralda Marín Reyes,Incompleto,Ahorro,Cesante,2024-02-23,492831,2
Candelario Cabezas-Gilabert,Incompleto,Ahorro,Dependiente,2023-08-05,4091219,4
Apolinar Cabrera Ribas,Universitario,Vista,Cesante,2022-03-14,12503418,1
Elvira Andrea Lasa Beltran,Incompleto,Ahorro,Independiente,2021-01-04,3912364,3
Feliciano Gámez Fuster,Medio,Corriente,Cesante,2022-12-30,10291117,3
Zaida del Pedrosa,Universitario,Vista,Dependiente,2022-10-25,1682244,4
Feliciano Ramírez Paniagua,Universitario,Ahorro,Cesante,2024-06-08,2736704,4
Beatriz Leiva Rivero,Universitario,Vista,Independiente,2022-01-31,5653907,3
Cosme del Ribas,Medio,Corriente,Cesante,2024-04-27,6821906,3
Iris Palacio Sevilla,Medio,Vista,Cesante,2023-01-07,10141597,3
Iván Goicoechea-Iñiguez,Medio,Ahorro,Independiente,2023-07-17,12419447,3
Benigna Robledo Agustí,Incompleto,Corriente,Dependiente,2024-10-16,12850242,1
Cruz Vilalta-Donoso,Universitario,Vista,Cesante,2023-10-03,10217900,1
Blanca de Fiol,Medio,Corriente,Independiente,2022-09-20,612192,2
Atilio León Feijoo Reig,Universitario,Corriente,Cesante,2022-04-05,10241911,1
Marcelino Puga Luque,Universitario,Ahorro,Independiente,2022-10-08,14455444,2
Jose Miguel Martín Villaverde Cózar,Medio,Vista,Dependiente,2020-12-30,7390751,2
Angélica Hierro Sosa,Universitario,Vista,Dependiente,2022-08-15,7177730,1
Inocencio del Fernandez,Incompleto,Vista,Cesante,2021-06-14,8647555,2
Candelario Blanco Valverde,Medio,Ahorro,Cesante,2024-04-05,1248269,1
Consuelo Sofía Peral Canet,Incompleto,Vista,Independiente,2024-09-15,3432437,4
Maite Aguiló,Medio,Corriente,Cesante,2023-08-31,11839625,4
Rico Prat-Cerro,Universitario,Vista,Independiente,2023-12-07,8065405,1
Rufino Nazario Valero Somoza,Medio,Ahorro,Independiente,2023-07-17,2920533,4
Juan Luis Mayol Barrios,Medio,Corriente,Dependiente,2023-09-27,5493887,3
Reyna Zabala,Universitario,Corriente,Dependiente,2021-12-28,5905576,4
Ainoa Beltrán Haro,Universitario,Vista,Cesante,2023-09-06,2067970,4
Jose Ramón Zabaleta Alvarado,Medio,Corriente,Independiente,2024-02-26,9850686,1
Elías Maximino Solís Beltran,Medio,Vista,Cesante,2024-08-22,13435206,2
Gertrudis Lluch Redondo,Medio,Vista,Dependiente,2021-01-12,8939673,4
Serafina Arteaga Pacheco,Incompleto,Ahorro,Independiente,2023-12-17,2568989,2
José Manuel Palomares Ballester,Incompleto,Vista,Dependiente,2022-05-19,4042661,4
Rafa Galán Pons,Universitario,Corriente,Cesante,2022-12-01,6920135,1
Emilio de Mora,Incompleto,Ahorro,Cesante,2021-12-01,429807,4
Concha de Valenciano,Medio,Ahorro,Cesante,2023-06-12,3952820,4
Maricruz Pérez Pazos,Medio,Vista,Independiente,2023-04-04,74473,2
Hector Balaguer-Alemany,Incompleto,Ahorro,Dependiente,2022-03-09,13215532,1
Ricarda Torrents Alsina,Universitario,Ahorro,Cesante,2021-05-19,2076899,3
Marcela Mate-Carretero,Incompleto,Vista,Dependiente,2024-09-28,5507960,4
Leyre de Ruano,Medio,Corriente,Dependiente,2022-10-18,8865616,1
Emilio Manzanares Nadal,Medio,Vista,Cesante,2024-02-02,6726306,3
Ildefonso Borrell Aguado,Incompleto,Corriente,Dependiente,2024-08-12,12307735,2
Timoteo Bellido Gomez,Universitario,Corriente,Cesante,2024-09-19,1725260,3
Melchor Vicente Pintor Ocaña,Universitario,Corriente,Dependiente,2023-07-09,5252184,4
Prudencia Coloma Tur,Incompleto,Ahorro,Cesante,2022-04-14,6647856,1
Fabián Duilio Roman Pujadas,Universitario,Ahorro,Cesante,2023-03-19,3186867,4
Alfredo Vazquez Arco,Incompleto,Vista,Dependiente,2024-08-04,6463210,1
Estefanía Osorio Diaz,Medio,Ahorro,Dependiente,2021-12-07,10167656,4
Concepción Candela Herrero Nieto,Incompleto,Vista,Dependiente,2022-04-03,3774214,1
Timoteo de Hernández,Incompleto,Corriente,Cesante,2024-05-27,8438741,3
Gerardo Cepeda Valero,Universitario,Ahorro,Cesante,2023-09-26,7206853,2
Ezequiel Gilabert,Incompleto,Ahorro,Cesante,2021-11-16,2411387,1
Rebeca Roldán Vara,Universitario,Vista,Independiente,2021-06-08,3258744,1
Jose Ramón Narváez Zaragoza,Universitario,Ahorro,Cesante,2022-03-24,12035799,1
Úrsula Parejo Amador,Medio,Ahorro,Independiente,2024-04-10,9731991,3
Narciso Ojeda Grande,Medio,Ahorro,Cesante,2023-10-07,9131078,2
Vanesa Abellán Hidalgo,Universitario,Ahorro,Dependiente,2021-11-11,10077440,2
Pepito Alvarado Quesada,Universitario,Vista,Cesante,2022-10-31,7015497,2
Imelda Abril Villena Galindo,Medio,Corriente,Dependiente,2024-04-11,14196384,1
Alicia Blanch-Sala,Incompleto,Ahorro,Cesante,2023-10-10,3868670,4
Noa Zabala Herrera,Universitario,Vista,Dependiente,2021-05-13,3621892,1
Anna Maxi Torrens Briones,Medio,Vista,Cesante,2021-02-24,9594560,2
Hilda Luque Anglada,Medio,Vista,Dependiente,2023-12-05,7619168,3
Herminio Martín Beltrán,Universitario,Corriente,Independiente,2024-06-18,7633928,1
Paulina del Castilla,Universitario,Corriente,Dependiente,2024-10-08,8798578,3
Chita Gonzalo Mascaró,Incompleto,Vista,Independiente,2022-06-27,10170938,3
Marta Pablo,Universitario,Vista,Independiente,2021-03-10,3721494,4
Armando Raúl Garay Morcillo,Medio,Vista,Independiente,2022-01-10,6799567,2
Julio Guillén Cañellas,Incompleto,Corriente,Cesante,2023-12-10,14150017,2
Daniel Escamilla-Hierro,Universitario,Corriente,Cesante,2022-05-13,5474457,4
Flora Guzmán,Medio,Ahorro,Cesante,2023-01-02,11834053,2
Severiano Hervás Mercader,Universitario,Ahorro,Dependiente,2024-07-01,6432437,4
Patricia del Sastre,Medio,Vista,Dependiente,2023-07-25,733083,1
Juan Carlos Pavón Oliver,Universitario,Ahorro,Independiente,2022-04-11,10961098,2
Quique Roldán,Incompleto,Corriente,Dependiente,2024-05-12,14065314,4
Hilda Fabra Tejero,Incompleto,Vista,Cesante,2022-12-30,5823952,1
Evangelina Arana-Rodrigo,Incompleto,Ahorro,Independiente,2023-05-01,3153811,4
Merche Pou Vilar,Incompleto,Ahorro,Dependiente,2022-11-06,4387576,3
Vera María Del Carmen Pintor Castañeda,Universitario,Corriente,Cesante,2024-06-05,14075300,3
Haydée Hernandez Manzano,Incompleto,Ahorro,Cesante,2020-12-11,9059977,1
Gabriel de Hoz,Universitario,Vista,Independiente,2023-09-07,11978143,3
David Sobrino-Heras,Incompleto,Corriente,Independiente,2024-10-13,9514207,1
Víctor Barroso Verdejo,Universitario,Corriente,Independiente,2020-12-13,5760874,4
Víctor del Carrera,Medio,Ahorro,Independiente,2021-07-06,5558187,3
Lucio Vaquero Chico,Incompleto,Vista,Cesante,2021-03-20,9196403,4
Guadalupe Mario Sacristán Larrañaga,Incompleto,Vista,Independiente,2022-09-08,8064430,1
Elisabet Pizarro Peláez,Incompleto,Ahorro,Dependiente,2020-11-28,10495672,4
Natalio Mena Córdoba,Universitario,Ahorro,Dependiente,2021-05-03,9483153,3
Nayara Viana Ocaña,Incompleto,Vista,Cesante,2022-11-11,3166174,2
Ricardo Espejo Borja,Medio,Ahorro,Cesante,2021-06-25,194233,4
Wilfredo Prado Carrera,Universitario,Corriente,Cesante,2021-09-05,2507569,2
Elvira Pallarès Palau,Medio,Vista,Independiente,2021-07-20,5549266,3
Mauricio Miranda Patiño,Incompleto,Vista,Independiente,2021-07-31,1018137,3
Inocencio Manzano Tejada,Medio,Ahorro,Cesante,2022-07-29,1128027,4
Cintia de Caballero,Universitario,Ahorro,Cesante,2021-12-31,7184004,2
Plácido Fuster-Campo,Universitario,Vista,Cesante,2024-06-24,6576537,3
Víctor Amaro Alvarez Pinto,Medio,Corriente,Cesante,2021-07-22,6306895,1
Oriana Baeza Parra,Universitario,Corriente,Dependiente,2024-07-08,2311143,1
Ámbar Jordá Vila,Universitario,Ahorro,Independiente,2022-05-13,14536290,3
Sol Bermúdez Noguera,Incompleto,Vista,Independiente,2023-09-09,1390863,2
Rosalinda Torralba Solano,Incompleto,Corriente,Cesante,2024-10-19,7132635,1
Ana Ballester Garay,Incompleto,Vista,Dependiente,2021-12-16,14599072,2
Mónica Sara Palomo Diego,Incompleto,Corriente,Cesante,2024-11-22,3857042,1
María Carmen Sureda Chacón,Universitario,Vista,Independiente,2024-09-02,2153890,3
Ascensión de Becerra,Medio,Ahorro,Dependiente,2021-03-04,6695846,4
Perla Gual,Medio,Ahorro,Cesante,2021-08-20,941625,1
Perlita Pomares,Universitario,Vista,Cesante,2024-04-29,6328638,1
Lucho Manzanares,Medio,Ahorro,Dependiente,2023-12-05,12360194,1
Rómulo Dalmau Nadal,Incompleto,Corriente,Dependiente,2023-10-29,967003,4
Inocencio Cabañas Diez,Medio,Ahorro,Cesante,2022-05-11,680374,4
Macaria Belda Morales,Incompleto,Corriente,Dependiente,2020-12-01,11558826,2
Julio César Castellanos Llobet,Incompleto,Corriente,Dependiente,2021-11-15,14037441,1
Raimundo Milla Barrios,Universitario,Corriente,Independiente,2021-08-19,10571338,2
Natalia Rios Naranjo,Medio,Ahorro,Independiente,2024-08-19,5922531,3
Natalia Encarnita Marco Mariscal,Incompleto,Vista,Independiente,2021-03-10,4581442,3
Rosendo Juan Antonio Perera Roman,Medio,Vista,Independiente,2020-11-29,5165670,1
Iris Marquez Vega,Medio,Vista,Independiente,2021-09-25,735850,1
Saturnina Gisela Peiró Manuel,Medio,Ahorro,Dependiente,2021-10-21,12395647,4
José Ángel Hernández Leal,Incompleto,Ahorro,Independiente,2021-06-15,10510034,3
Lino Muro-Sola,Incompleto,Vista,Cesante,2021-02-19,2690296,2
Pilar Peralta Bas,Medio,Ahorro,Cesante,2023-04-26,6288261,2
Elisa Azorin Elorza,Medio,Corriente,Dependiente,2022-07-19,6773178,3
Lorenza Balaguer Pont,Medio,Ahorro,Independiente,2024-10-30,1825508,1
Pepita Sanabria Marcos,Medio,Corriente,Independiente,2022-08-17,3080354,3
Fabián del Meléndez,Medio,Ahorro,Dependiente,2023-06-04,6312197,1
Felix Ortiz Montoya,Medio,Ahorro,Cesante,2022-11-20,7081340,1
Jose Miguel Granados Alberdi,Incompleto,Vista,Cesante,2023-07-02,11759969,2
Telmo Haroldo Bayona Romero,Medio,Ahorro,Dependiente,2022-06-26,3302115,4
Bonifacio Vito Campos Arcos,Incompleto,Vista,Cesante,2023-12-21,930359,4
Reinaldo Pina,Incompleto,Corriente,Dependiente,2022-04-30,14004951,3
Balduino Burgos Rivero,Universitario,Corriente,Cesante,2023-06-30,2725628,3
Raimundo Galvez Sabater,Universitario,Ahorro,Dependiente,2022-02-12,4359173,2
Ricardo Girón Palma,Universitario,Vista,Independiente,2021-01-23,13347542,2
Berta Fortuny Amador,Medio,Vista,Independiente,2020-12-02,14110369,3
Alonso Sanjuan Valls,Universitario,Ahorro,Dependiente,2024-10-19,11897054,2
Adolfo Garcia Flores,Incompleto,Ahorro,Cesante,2023-12-15,148282,1
Toni José Manuel Pallarès Sastre,Incompleto,Vista,Independiente,2023-06-06,5972604,4
Josué del Portillo,Universitario,Ahorro,Cesante,2022-04-17,9185932,3
María Teresa Dávila Aznar,Medio,Corriente,Cesante,2023-08-13,4741016,4
Celestina Barral Larrañaga,Universitario,Ahorro,Dependiente,2022-08-06,1210880,3
Raúl Ismael Uría Solano,Universitario,Ahorro,Dependiente,2021-07-29,3166668,1
Cintia Verdugo Iglesia,Incompleto,Ahorro,Cesante,2024-06-26,12905399,1
Melchor Pagès Clemente,Medio,Vista,Independiente,2021-08-15,2640358,1
César Garcia,Universitario,Corriente,Dependiente,2022-03-28,14921047,4
Narciso Falcó Rueda,Universitario,Ahorro,Independiente,2024-02-09,12236683,3
Esteban Cabrero Riera,Universitario,Ahorro,Dependiente,2022-07-08,2597430,3
Fabián del Lamas,Incompleto,Ahorro,Cesante,2023-09-07,1379655,4
Florencio de Revilla,Incompleto,Ahorro,Independiente,2023-01-08,12637531,3
Jaime Lluch Verdejo,Universitario,Ahorro,Independiente,2021-06-26,7974874,4
Luciana Ramón,Medio,Ahorro,Dependiente,2021-01-17,7468115,4
Esperanza Lorenzo Vega,Universitario,Corriente,Independiente,2024-01-04,4265158,3
Gloria Tomasa Terrón Balaguer,Incompleto,Vista,Dependiente,2022-02-23,10855713,3
Francisco Andrade Ojeda,Universitario,Corriente,Independiente,2023-02-21,11922603,2
Jacobo Pi Vigil,Incompleto,Ahorro,Dependiente,2022-07-19,8671808,1
Norberto Montoya,Universitario,Ahorro,Dependiente,2024-06-16,14782614,2
Luis Ángel Iglesia Ojeda,Universitario,Corriente,Dependiente,2023-10-23,10077056,4
Ágata Vara Arnal,Universitario,Corriente,Independiente,2022-01-30,8539475,4
Primitiva Porcel Barroso,Universitario,Vista,Dependiente,2023-05-21,8121920,4
Pablo Caballero,Medio,Corriente,Cesante,2024-03-10,5055220,2
Jonatan Jenaro Vélez Jove,Incompleto,Corriente,Independiente,2024-02-20,1310490,3
Dafne Amada Garriga Segarra,Universitario,Ahorro,Dependiente,2024-05-19,3622188,3
Roque Guitart Mariscal,Universitario,Vista,Cesante,2021-12-04,9462642,4
Anacleto Eleuterio Atienza Escrivá,Medio,Corriente,Dependiente,2022-07-13,11671403,4
Daniela Patiño Ramírez,Universitario,Vista,Cesante,2024-06-25,11495426,4
Aristides Larrañaga Fabra,Universitario,Ahorro,Dependiente,2021-01-10,14446844,2
Porfirio Baquero Ferrera,Medio,Vista,Dependiente,2023-02-14,10363758,1
Lucho Asensio Arana,Medio,Corriente,Cesante,2021-07-03,7519453,3
Lucas Briones Sebastián,Universitario,Ahorro,Dependiente,2023-10-31,9831136,3
Yéssica del Falcó,Incompleto,Corriente,Cesante,2024-11-13,14459183,2
Porfirio Huerta Cabrero,Incompleto,Corriente,Dependiente,2023-12-31,891358,4
Sancho Alsina,Incompleto,Ahorro,Cesante,2024-10-09,5991072,1
Custodio Julián Sanjuan,Medio,Corriente,Dependiente,2022-02-09,6190360,3
Jeremías Donoso,Medio,Vista,Cesante,2021-08-01,7036071,2
Gerardo Borja Santamaria,Medio,Ahorro,Independiente,2022-12-06,142175,3
María Cabañas-Carreño,Incompleto,Corriente,Cesante,2024-04-05,11566023,3
Paco del Córdoba,Incompleto,Vista,Independiente,2021-10-19,4802552,1
Nazaret Baquero Espinosa,Incompleto,Corriente,Independiente,2022-03-02,1377328,1
Montserrat Gallart Castellanos,Universitario,Corriente,Dependiente,2024-04-26,11238080,3
Rebeca Mercader Castrillo,Incompleto,Corriente,Independiente,2024-06-21,12293877,2
Aroa Bernal-Serra,Universitario,Ahorro,Cesante,2024-06-16,3574032,2
Arcelia Montaña Cortés,Incompleto,Ahorro,Dependiente,2023-06-02,20554,2
Eusebia Medina Pinto,Incompleto,Vista,Independiente,2023-08-10,4225027,4
Curro Montserrat Borrell,Medio,Corriente,Independiente,2023-09-25,4026017,3
Odalys Cifuentes-Armengol,Incompleto,Vista,Dependiente,2021-03-14,5240829,3
Benigno Godoy,Universitario,Ahorro,Independiente,2024-10-19,12394256,4
Asunción Almudena Ríos Marqués,Incompleto,Vista,Independiente,2021-07-15,7571149,1
Celia Boix,Incompleto,Ahorro,Dependiente,2022-06-17,8819617,4
Emilia Guardia Cabezas,Incompleto,Corriente,Dependiente,2023-02-01,13780926,1
Eulalia del Fuertes,Medio,Vista,Independiente,2024-11-20,14866906,3
Graciela Vergara-Rico,Medio,Ahorro,Cesante,2022-10-11,3535993,4
Roberta Mate Mesa,Incompleto,Corriente,Cesante,2024-11-07,3069116,4
Josefa Gallart Otero,Universitario,Ahorro,Cesante,2022-10-02,4905321,2
Manola Cases Navas,Universitario,Corriente,Independiente,2023-01-27,1566995,2
Elisa Pineda Castells,Incompleto,Vista,Cesante,2021-04-05,9917011,4
Francisco Jose Echeverría Cisneros,Medio,Vista,Dependiente,2021-06-07,9805561,2
Pepe Barberá Serra,Universitario,Vista,Independiente,2024-02-14,14174937,1
Marco Rebollo Rosell,Incompleto,Vista,Dependiente,2021-07-19,2141842,4
Tiburcio Abad-Gomila,Incompleto,Vista,Independiente,2024-10-17,6229499,1
Anna Gordillo Rosa,Incompleto,Ahorro,Cesante,2021-02-14,8368902,1
Carina Sacristán-Roca,Medio,Vista,Dependiente,2023-07-07,12148951,4
Ascensión Capdevila Bayona,Incompleto,Corriente,Dependiente,2020-11-27,14939054,2
Cándida Cañellas Pomares,Medio,Ahorro,Dependiente,2020-12-11,2629080,2
Ruth Palomo Mir,Universitario,Ahorro,Dependiente,2024-10-23,9905214,1
Martirio Cabrero,Universitario,Vista,Independiente,2022-04-02,11092150,2
Severo del Sarabia,Medio,Ahorro,Independiente,2024-04-08,5909887,4
Adelia Casares,Incompleto,Ahorro,Dependiente,2021-04-16,10466946,1
Paula Poza Arnau,Universitario,Corriente,Dependiente,2021-08-18,5990491,1
Alberto Mora Morell,Universitario,Corriente,Cesante,2021-06-12,6106642,3
Berto Tomas Gual,Incompleto,Ahorro,Cesante,2023-01-05,5083423,1
Rafa Aguado-Gisbert,Universitario,Ahorro,Cesante,2022-11-04,13612076,2
Gaspar Díez Hernández,Incompleto,Ahorro,Independiente,2023-01-20,12952531,1
Raúl Calderon,Universitario,Vista,Independiente,2024-05-09,1265245,3
Donato Saez Guardiola,Medio,Ahorro,Dependiente,2024-05-27,10210627,3
Teodosio Querol-Oliver,Universitario,Vista,Cesante,2020-12-07,12809441,2
Jose Luis Torrijos Bas,Incompleto,Corriente,Cesante,2022-10-03,3085911,1
Seve Edgardo Cuadrado Becerra,Medio,Vista,Dependiente,2022-04-05,51659,2
Débora Rebollo Arévalo,Medio,Vista,Independiente,2022-06-19,5333204,4
Abril Zabaleta,Medio,Ahorro,Dependiente,2022-12-25,5896412,2
Maxi del Ocaña,Incompleto,Corriente,Dependiente,2022-02-18,4211245,4
Felipe de Madrigal,Medio,Corriente,Independiente,2024-08-13,1332798,4
Irma Pellicer Sacristán,Incompleto,Corriente,Dependiente,2022-08-22,7219117,3
Zaira Fernández Montaña,Incompleto,Corriente,Dependiente,2020-12-19,5143877,2
Encarnacion Redondo,Universitario,Ahorro,Independiente,2023-01-21,9717460,4
Elisa del Llopis,Incompleto,Corriente,Independiente,2023-08-02,3835893,1
Glauco Garmendia Paredes,Incompleto,Corriente,Independiente,2023-02-16,2148392,3
Román Beltran Alberdi,Universitario,Corriente,Cesante,2021-12-26,6181031,1
Segismundo Jesús Alberto Peral,Medio,Ahorro,Dependiente,2024-04-22,4323373,1
Alberto del Lucena,Universitario,Ahorro,Independiente,2022-11-20,4478463,3
Gastón Solsona Querol,Medio,Ahorro,Independiente,2023-05-10,14625933,3
Angelino Blanch Maza,Medio,Vista,Cesante,2021-12-03,14204428,2
Dimas Gisbert-Rojas,Medio,Ahorro,Independiente,2022-03-25,8986021,3
Ángel Cabezas Gabaldón,Universitario,Corriente,Dependiente,2024-08-25,10315289,1
Guillermo Pineda-Ureña,Universitario,Corriente,Independiente,2023-05-16,14594701,3
Íñigo Bárcena Bárcena,Universitario,Vista,Dependiente,2023-04-01,2192636,3
Eleuterio Calatayud Asensio,Incompleto,Corriente,Dependiente,2021-11-17,11965345,4
Corona Ochoa Aguirre,Universitario,Ahorro,Cesante,2024-10-11,2227898,1
Clarisa Campillo,Medio,Vista,Independiente,2024-05-11,8780048,4
Rico Sala Heredia,Universitario,Corriente,Dependiente,2022-02-19,7058929,3
José Luis Perales Barceló,Medio,Vista,Cesante,2021-06-06,4992525,3
Arcelia Iglesia Torralba,Universitario,Ahorro,Cesante,2024-03-22,395719,2
Leonor Julián Collado,Medio,Vista,Cesante,2022-12-06,5237596,3
Carlota Río Madrid,Universitario,Ahorro,Cesante,2020-12-16,11676790,4
Cristian Lobo-Bustos,Universitario,Ahorro,Dependiente,2020-12-16,8414138,3
Valentín del Figuerola,Universitario,Vista,Independiente,2022-12-02,6479877,4
Jesusa Escobar,Medio,Vista,Dependiente,2024-02-28,8086876,1
Rufina Hervás Sainz,Incompleto,Ahorro,Cesante,2022-03-10,3874492,1
Carmela Conesa,Universitario,Ahorro,Dependiente,2020-12-10,11434210,1
Mohamed Galvez Heras,Medio,Ahorro,Dependiente,2024-03-15,6998265,2
Araceli Exposito Ramírez,Medio,Corriente,Independiente,2023-06-12,7040676,3
Ignacia Polo Mateos,Universitario,Vista,Independiente,2022-04-25,8766694,1
Marcial Amat Guillén,Universitario,Vista,Cesante,2024-11-05,3211943,1
Mirta Flavia Teruel Trillo,Medio,Ahorro,Independiente,2023-08-27,6957370,3
Manuelita Tamayo,Incompleto,Ahorro,Independiente,2023-06-13,9098508,3
Wálter Poza Urrutia,Universitario,Vista,Dependiente,2023-05-24,6349367,4
Martín Amorós Ruiz,Universitario,Corriente,Cesante,2022-05-24,5902742,1
Rafaela del Rosado,Medio,Corriente,Dependiente,2020-12-26,9370611,3
Guillermo Vigil,Incompleto,Vista,Cesante,2024-05-04,6673921,1
Benita Amanda Figueras Morcillo,Incompleto,Corriente,Dependiente,2022-05-10,10112565,4
Francisco Jose Pavón Andrés,Universitario,Ahorro,Independiente,2022-01-28,14003412,3
Amelia Ibañez-Sierra,Incompleto,Vista,Independiente,2024-11-20,6199170,2
Tatiana del Pinilla,Incompleto,Vista,Cesante,2024-04-27,9091114,3
Tatiana Coll Hernández,Incompleto,Ahorro,Dependiente,2021-05-29,13769131,4
Juanita Alvarado,Medio,Ahorro,Cesante,2023-03-13,14409395,2
Catalina Miguela Hervia Gras,Universitario,Ahorro,Cesante,2024-09-16,4312266,3
René Llorens Gracia,Medio,Ahorro,Cesante,2024-03-11,9758823,4
Geraldo Matas-Gutierrez,Universitario,Ahorro,Independiente,2023-02-08,4554436,3
Paca Pintor Muñoz,Medio,Vista,Independiente,2023-08-07,10435699,3
Danilo Blázquez Infante,Incompleto,Ahorro,Cesante,2021-01-12,8710387,2
Ágata Ayuso-Luján,Medio,Corriente,Cesante,2023-12-30,8593815,4
Vilma del Ocaña,Universitario,Vista,Cesante,2021-05-08,12292869,2
Fernando Posada Pastor,Universitario,Ahorro,Dependiente,2022-04-09,10123021,1
Tamara Acedo Mir,Medio,Corriente,Cesante,2024-01-28,13493933,4
Rodolfo Vidal López,Incompleto,Vista,Independiente,2021-09-25,9076158,4
Concha Pont Linares,Medio,Vista,Dependiente,2021-07-19,3866089,1
Eusebio Mayo Pujol,Incompleto,Vista,Dependiente,2023-09-02,934725,3
Nicodemo del Lloret,Medio,Corriente,Cesante,2022-05-09,4456773,4
Adelia Robledo Peralta,Universitario,Ahorro,Independiente,2024-05-12,12196808,4
Vasco Javi Palomar Sebastián,Universitario,Vista,Dependiente,2022-06-26,14397641,4
Bárbara Rodríguez Cabañas,Universitario,Corriente,Cesante,2023-02-16,11502621,2
Silvestre de Olivera,Incompleto,Corriente,Independiente,2024-01-05,13468152,3
Tania de Mesa,Universitario,Corriente,Cesante,2022-08-23,7587775,3
Fidel Sanabria,Universitario,Ahorro,Dependiente,2021-04-10,8905700,2
Toño Garcés Iglesia,Incompleto,Corriente,Independiente,2021-08-04,2683423,1
Severiano Marti Machado,Incompleto,Vista,Independiente,2023-07-30,2698558,4
Paca Mendizábal,Medio,Corriente,Independiente,2024-04-16,1087079,2
Américo Gallardo-Moles,Incompleto,Vista,Dependiente,2023-10-07,11294730,2
Mohamed del Rebollo,Medio,Vista,Dependiente,2024-09-30,762287,3
Reinaldo Barreda-Sánchez,Medio,Corriente,Independiente,2023-06-15,5616775,1
Lucía Roda Pedrosa,Incompleto,Ahorro,Dependiente,2022-05-29,655161,2
Dominga de Mesa,Universitario,Ahorro,Cesante,2022-08-03,655336,3
Javier Viña Cerro,Medio,Vista,Independiente,2024-02-10,2921031,1
Patricio Pellicer Acosta,Universitario,Corriente,Dependiente,2023-10-22,7406345,2
Vinicio Aarón Moliner Sala,Universitario,Corriente,Cesante,2022-04-11,7873586,4
Candela Marquez Méndez,Incompleto,Vista,Dependiente,2024-06-07,12018601,2
Héctor Iniesta Batalla,Universitario,Corriente,Independiente,2023-10-09,11894587,2
Gabino Valenzuela Benítez,Medio,Corriente,Cesante,2024-10-19,10340871,1
José Manuel Díez,Medio,Ahorro,Independiente,2022-06-15,6243145,3
Cecilia Gámez Castells,Incompleto,Vista,Dependiente,2022-07-03,1911978,1
Jose Luis Perelló Serna,Medio,Corriente,Cesante,2022-04-08,10148342,3
Javiera Acero Paz,Medio,Vista,Cesante,2023-03-12,1843646,4
Lara Enríquez-Elías,Medio,Corriente,Cesante,2023-02-21,12466418,3
Angélica Bustamante-Campoy,Incompleto,Ahorro,Independiente,2021-11-13,8335256,4
Soraya Bonilla Galindo,Universitario,Ahorro,Dependiente,2022-10-07,4404006,4
Isidora Ripoll Figueras,Medio,Ahorro,Dependiente,2022-07-27,6591348,3
Kike Girona Palomares,Incompleto,Vista,Dependiente,2024-09-12,10969920,3
Juan Bautista Salom Maza,Medio,Vista,Dependiente,2022-11-11,356263,3
Adoración Paredes Villena,Universitario,Ahorro,Cesante,2020-11-26,2635236,1
Priscila Priego Sotelo,Medio,Vista,Independiente,2024-05-25,14895791,3
Mateo de Grau,Universitario,Ahorro,Cesante,2024-02-15,9963108,2
Felipe Valbuena Bonilla,Incompleto,Ahorro,Independiente,2021-08-06,479383,3
María Cristina Catalina Hervás Bayón,Incompleto,Corriente,Dependiente,2024-10-09,10078542,4
Verónica Riera Posada,Medio,Corriente,Independiente,2024-09-06,4414001,4
Graciela Ropero Barragán,Incompleto,Corriente,Cesante,2023-05-21,1023676,4
Timoteo Bello Cazorla,Universitario,Ahorro,Independiente,2024-04-02,61065,1
Emilio Iglesias,Universitario,Corriente,Dependiente,2022-08-08,13160912,4
Juan Pablo Pla Cañas,Medio,Ahorro,Cesante,2023-03-06,14064672,4
Marina Meléndez Perelló,Universitario,Corriente,Independiente,2023-04-26,7463914,4
Sol Posada,Universitario,Corriente,Dependiente,2024-01-24,13530287,1
Nydia Barrena Gordillo,Universitario,Ahorro,Cesante,2024-04-25,4630514,1
Elba Viñas Valera,Medio,Corriente,Independiente,2022-03-10,862167,4
Ámbar Benavente Benavent,Universitario,Ahorro,Cesante,2021-02-15,13872191,2
Artemio Collado Adadia,Universitario,Corriente,Dependiente,2021-09-15,5704856,4
Ildefonso Anacleto Guillen Rius,Medio,Ahorro,Dependiente,2024-07-11,14297633,1
Carmelita Esparza Losada,Universitario,Ahorro,Independiente,2023-07-20,5203976,3
Sonia Nebot-Pol,Universitario,Ahorro,Independiente,2022-04-25,10998277,3
Aura del Mate,Medio,Corriente,Independiente,2022-10-03,2208444,3
Ale Pou Tenorio,Incompleto,Corriente,Independiente,2024-09-17,8187689,3
Angelina Navas,Universitario,Vista,Dependiente,2022-02-24,10573832,2
Nereida Barrena Rocha,Incompleto,Corriente,Independiente,2022-10-27,9231036,3
Elvira Olmo Iglesia,Medio,Corriente,Cesante,2023-08-26,11008359,2
Febe de Campo,Incompleto,Ahorro,Cesante,2024-04-14,7880102,3
Lucila Montoya Olivares,Universitario,Ahorro,Independiente,2023-03-19,4256054,2
León Pi Almansa,Universitario,Ahorro,Dependiente,2020-12-16,12146638,2
Agapito Puente,Medio,Ahorro,Independiente,2023-02-20,11990079,3
Ciríaco Requena-Verdú,Medio,Corriente,Dependiente,2024-02-01,121536,3
Leire Ferrándiz Bellido,Universitario,Corriente,Dependiente,2022-02-22,13270209,2
Ciríaco Bermejo Abella,Universitario,Vista,Cesante,2024-10-27,5972868,1
Arcelia del Gutierrez,Medio,Corriente,Dependiente,2024-09-01,8615198,3
Lupe Múgica Álamo,Universitario,Ahorro,Cesante,2022-03-25,13172953,4
Luisa Garzón-Alberto,Incompleto,Corriente,Dependiente,2020-12-15,12204855,4
Ale Calderón,Incompleto,Corriente,Dependiente,2024-08-25,2518207,4
Isidoro Sotelo Tejedor,Universitario,Vista,Independiente,2023-07-14,5284093,3
Benigna Cuéllar,Medio,Ahorro,Cesante,2023-05-01,6720617,4
Nazario de Goñi,Universitario,Vista,Dependiente,2024-05-05,12957831,2
Macario Aller Casanovas,Universitario,Ahorro,Cesante,2022-11-06,8408592,1
Olga Cid Iglesia,Incompleto,Vista,Independiente,2022-05-31,7830485,3
Dionisia de Uría,Incompleto,Vista,Independiente,2023-10-24,8021945,3
Marc Marcos Mercader Diéguez,Incompleto,Ahorro,Dependiente,2022-02-01,8125205,1
Octavia Viviana Puerta Galiano,Incompleto,Vista,Independiente,2021-08-23,2331110,4
María Teresa Casanovas Olivera,Medio,Vista,Cesante,2023-04-09,1341525,2
Julio de Requena,Universitario,Ahorro,Cesante,2024-07-16,13561981,2
Wálter Alberdi,Medio,Corriente,Dependiente,2022-10-08,4998489,3
Hilario Lloret Roura,Medio,Corriente,Independiente,2021-08-15,11839763,1
Mercedes Gloria Olivares Montes,Universitario,Ahorro,Cesante,2022-09-19,12663721,1
Iris Gloria Quintana Corbacho,Medio,Corriente,Dependiente,2022-11-02,5479632,3
Edelmiro Izaguirre Cid,Universitario,Corriente,Independiente,2022-06-19,439437,2
Leocadia Lastra Viñas,Medio,Ahorro,Independiente,2021-08-26,12443243,2
Lucía Bárcena Castells,Universitario,Vista,Independiente,2022-04-12,6499272,3
Tatiana Falcó-Alsina,Universitario,Ahorro,Cesante,2021-01-25,11105910,1
Eligia Roman Montalbán,Universitario,Corriente,Cesante,2023-07-09,1360703,1
Cristian Candelario Pedraza Valbuena,Medio,Corriente,Cesante,2021-11-16,3691080,1
Reina Macarena Recio Sevilla,Universitario,Corriente,Independiente,2022-03-28,13843428,2
José Luis Larrea Cuéllar,Medio,Ahorro,Cesante,2021-08-13,9408509,3
Vasco Olivera Perez,Universitario,Ahorro,Independiente,2022-06-01,4071706,3
Eva María Mascaró,Incompleto,Vista,Independiente,2024-07-13,10247465,3
Isabel Navarro Villena,Medio,Vista,Cesante,2021-01-26,2516283,3
Dominga Marco Valle,Incompleto,Vista,Dependiente,2023-03-26,10843916,2
Visitación Abella Sans,Medio,Corriente,Independiente,2023-11-03,6144328,3
Roldán del Terrón,Universitario,Vista,Dependiente,2023-03-02,3380595,2
Mayte Molina Peiró,Incompleto,Ahorro,Independiente,2024-05-24,12061047,4
Carlito Serra-Gonzalo,Universitario,Corriente,Independiente,2022-09-13,3415251,4
Constanza Lara-Gómez,Medio,Vista,Cesante,2021-10-29,14785029,4
Pastora Alcántara Figueras,Universitario,Corriente,Independiente,2022-12-12,11295703,3
Nerea Belda Isern,Medio,Corriente,Cesante,2021-09-22,13448667,1
Gervasio Sánchez-Soto,Incompleto,Ahorro,Independiente,2021-01-08,2776896,1
Glauco Torrent,Universitario,Corriente,Dependiente,2023-03-25,10359544,3
Jerónimo Vinicio Corral Robledo,Incompleto,Vista,Cesante,2023-07-13,2679766,1
Andrés Felipe Andres Valera,Universitario,Ahorro,Independiente,2023-04-16,11024886,2
Eustaquio Figueroa Zamorano,Medio,Vista,Independiente,2023-01-29,6227753,4
Gil Marqués Ojeda,Universitario,Ahorro,Independiente,2021-11-16,2117329,2
Florinda Galvez Falcó,Universitario,Vista,Independiente,2023-07-17,3659539,2
Edu del Gomez,Medio,Corriente,Dependiente,2022-03-10,7484086,2
Adelardo Solsona Bustos,Medio,Corriente,Dependiente,2022-08-01,13146627,2
Fabricio del Zamora,Medio,Ahorro,Independiente,2021-12-24,10373479,3
Samuel Nogueira Malo,Incompleto,Ahorro,Independiente,2023-09-16,1753639,2
Priscila Maldonado Acevedo,Universitario,Corriente,Independiente,2023-09-13,11787800,1
Leire Calista Sancho Arévalo,Universitario,Vista,Dependiente,2024-08-03,10081708,1
Nacho Aguilera Julián,Universitario,Vista,Dependiente,2022-01-12,14743398,4
Ulises Egea Cano,Universitario,Corriente,Dependiente,2022-07-12,11361258,1
Lilia Vila Sarmiento,Medio,Corriente,Independiente,2024-11-16,10068623,2
Susanita Ayala Martínez,Incompleto,Ahorro,Cesante,2024-09-01,13604325,4
Lola del Borrego,Incompleto,Ahorro,Cesante,2024-05-08,1523878,4
Jesús Régulo Polo Ortuño,Medio,Vista,Dependiente,2022-04-01,3341481,4
Laura Novoa Vidal,Medio,Corriente,Cesante,2022-02-25,12020684,4
Marcelo Costa Sobrino,Incompleto,Ahorro,Cesante,2021-12-15,9392834,2
Rodolfo Garcia Carnero,Incompleto,Ahorro,Cesante,2024-07-29,6936923,3
Alex Lumbreras Riba,Incompleto,Corriente,Dependiente,2023-09-10,1408813,2
Marita Emilia Colom Carbonell,Universitario,Vista,Independiente,2023-03-19,3440130,3
Emigdio Macías Salmerón,Medio,Vista,Independiente,2021-02-03,9119486,2
Aitana Garrido,Incompleto,Ahorro,Independiente,2021-05-07,14891738,4
Geraldo del Camino,Universitario,Vista,Dependiente,2024-05-28,10235654,4
Nilo Óscar Abellán Porras,Incompleto,Ahorro,Cesante,2024-02-21,5311168,3
Gloria Murcia,Universitario,Ahorro,Cesante,2024-10-08,6022251,1
Dionisio Adadia,Medio,Corriente,Cesante,2022-04-13,8343715,1
Pío del Clemente,Incompleto,Vista,Independiente,2023-08-19,12594962,4
Concha Rocha Menendez,Medio,Vista,Dependiente,2022-09-06,2222109,1
Victoriano Aníbal Becerra Barroso,Universitario,Vista,Cesante,2021-07-16,13717146,1
Hernando Abilio Padilla Pulido,Incompleto,Corriente,Independiente,2021-10-31,12500235,2
Valentina Baena Arnau,Medio,Ahorro,Cesante,2021-03-09,2250412,2
Ale Verdú,Incompleto,Vista,Dependiente,2022-11-24,8848645,3
Perlita Porras Muñoz,Universitario,Corriente,Dependiente,2022-12-11,12932346,4
Merche Malo,Medio,Corriente,Independiente,2022-03-19,14018201,1
Mariana Esteve Carvajal,Incompleto,Ahorro,Cesante,2024-01-23,6756043,1
Humberto Torrijos Ariza,Incompleto,Corriente,Independiente,2024-01-19,1694189,3
Héctor Arnal Lluch,Universitario,Ahorro,Cesante,2021-10-20,3547320,3
Jaime Sanjuan Rivera,Universitario,Vista,Cesante,2022-04-02,14072733,3
Flora Carreño-Zabala,Universitario,Ahorro,Cesante,2021-07-23,5047180,2
Sandalio Giménez-Blanes,Incompleto,Ahorro,Independiente,2020-12-08,156735,3
José Luis Baena Sacristán,Universitario,Vista,Cesante,2021-08-10,13152900,4
Lourdes Escamilla Falcón,Incompleto,Corriente,Independiente,2023-07-14,4143593,1
Manuela Giménez,Medio,Vista,Dependiente,2021-05-22,5929583,3
Ágata Llobet Mendizábal,Universitario,Vista,Dependiente,2021-11-30,6863730,4
Viviana Ariza Duran,Incompleto,Corriente,Independiente,2021-12-15,2506074,2
Verónica Prada Galván,Incompleto,Corriente,Cesante,2022-02-24,10049953,1
Ainoa Xiomara Lobato Pavón,Incompleto,Vista,Dependiente,2023-10-23,4898110,3
Eutropio Cepeda Echeverría,Medio,Vista,Cesante,2024-02-22,5334971,1
Amelia Jáuregui Vizcaíno,Universitario,Vista,Dependiente,2021-08-09,9888941,3
Noa Godoy Casado,Medio,Ahorro,Cesante,2024-01-01,7005138,2
Íngrid de Camino,Universitario,Corriente,Independiente,2024-11-06,1886139,1
Chus Sala Arnaiz,Incompleto,Vista,Dependiente,2021-10-26,11407972,4
Teodosio Escolano,Medio,Ahorro,Cesante,2022-12-14,13239453,1
Paola Camino Alvarado,Medio,Ahorro,Cesante,2023-12-24,13214932,4
Luisina Arteaga Castells,Universitario,Ahorro,Cesante,2024-08-10,12336670,3
Ciríaco Barroso Casals,Medio,Vista,Independiente,2020-12-06,5002429,4
Luciano Amílcar Ariño Cáceres,Medio,Ahorro,Cesante,2024-10-02,1995601,2
Martin Andres Avilés,Universitario,Corriente,Independiente,2020-12-18,5663142,2
Jacobo Rojas Cases,Medio,Ahorro,Independiente,2022-12-13,4428426,3
Jose Carlos Codina Toledo,Incompleto,Ahorro,Cesante,2021-05-27,1677061,2
Sigfrido Luciano Bustamante Rius,Medio,Corriente,Independiente,2021-06-28,9025418,4
Cecilia Barrio Carmona,Universitario,Vista,Cesante,2023-10-10,8466639,4
Jerónimo Tejada Ripoll,Incompleto,Ahorro,Cesante,2024-09-19,4819045,2
Reyna Marin Cruz,Incompleto,Vista,Dependiente,2024-05-23,4730385,1
Purificación de Gimenez,Medio,Corriente,Independiente,2022-09-19,5182749,2
Eufemia Prieto Ballester,Medio,Ahorro,Cesante,2023-06-29,10118193,4
Chita Núñez Carreras,Universitario,Ahorro,Independiente,2024-07-10,13862926,2
Maricela Sola Boada,Medio,Vista,Independiente,2021-04-29,14182971,4
Macario Tomé Figuerola,Universitario,Ahorro,Cesante,2023-08-09,7543210,3
Amarilis Meléndez Bello,Medio,Vista,Cesante,2023-01-15,9339010,2
María Fernanda Herminia Marcos Ferrández,Medio,Vista,Dependiente,2023-11-10,3854138,4
Joel Rosales,Incompleto,Corriente,Independiente,2022-04-08,10962999,3
Amor Gelabert Aragonés,Medio,Corriente,Cesante,2020-12-22,1074507,1
Adrián Cornejo Falcón,Incompleto,Vista,Cesante,2022-08-04,9266096,4
Enrique Natanael Checa Palomares,Incompleto,Vista,Dependiente,2023-06-19,7172581,2
Amaya Naranjo Poza,Incompleto,Ahorro,Cesante,2023-07-12,7626006,3
Clarisa Arrieta Esteban,Universitario,Ahorro,Independiente,2023-12-06,2196622,3
Candela Aramburu Río,Medio,Ahorro,Independiente,2024-06-09,1905697,4
Rolando Cuéllar,Incompleto,Ahorro,Cesante,2022-04-08,1091486,1
Jacobo Collado Ricart,Universitario,Vista,Independiente,2023-07-01,2274257,1
Vidal Rosario Aliaga Hoz,Universitario,Corriente,Dependiente,2023-12-31,3935645,1
Cebrián Pagès Saldaña,Incompleto,Ahorro,Cesante,2024-06-12,5841130,4
Raúl Zamora Hervia,Medio,Vista,Independiente,2021-09-25,13723757,1
Josefina Peláez Huerta,Incompleto,Corriente,Cesante,2024-06-01,2944164,2
Abel Múgica Moraleda,Universitario,Vista,Cesante,2024-02-07,902981,3
Jonatan Luján Crespo,Universitario,Corriente,Cesante,2022-06-04,2159124,3
Ale de Castejón,Medio,Vista,Independiente,2023-04-30,11836915,1
Miguel Romero Cordero,Medio,Vista,Cesante,2023-10-12,13199538,3
Marta Saturnina Portillo Nogueira,Medio,Ahorro,Cesante,2024-02-28,10657553,2
Óscar Ballesteros Perera,Incompleto,Corriente,Independiente,2021-05-25,14924889,3
Rosaura Gabaldón Escribano,Universitario,Ahorro,Independiente,2021-11-13,4356881,2
Regina del Azcona,Universitario,Ahorro,Dependiente,2020-12-25,5968535,3
Mónica Bautista-Terrón,Incompleto,Corriente,Dependiente,2022-02-27,741248,3
Ileana Raquel Baños Barberá,Medio,Vista,Cesante,2021-12-25,3170825,1
Octavia León Campillo,Incompleto,Ahorro,Independiente,2021-12-29,10026995,4
León Morata-Rosell,Medio,Ahorro,Independiente,2023-03-16,6348401,2
Reinaldo Folch Sevillano,Incompleto,Corriente,Independiente,2023-08-20,10192506,4
Josué Saldaña Contreras,Incompleto,Corriente,Dependiente,2021-01-13,12665732,4
Gracia del Calderón,Incompleto,Ahorro,Dependiente,2023-02-20,11353197,4
Fabricio Pozo Cuesta,Medio,Vista,Independiente,2020-12-26,7342083,3
Leocadia Giménez Colomer,Medio,Ahorro,Cesante,2022-09-17,3358822,2
Jose Luis Ortiz,Incompleto,Ahorro,Dependiente,2020-12-11,4522333,4
Lupe de Muñoz,Incompleto,Ahorro,Cesante,2024-01-22,67817,4
Jafet José Manuel Sacristán Ledesma,Medio,Ahorro,Independiente,2022-11-28,1276992,3
Jose Ramón Arturo Toledo Morata,Medio,Corriente,Dependiente,2024-08-01,2912360,1
Alejandro Castillo Mateo,Incompleto,Ahorro,Independiente,2022-06-15,10094423,1
Soledad Prudencia Carlos Planas,Medio,Vista,Independiente,2024-09-08,7962720,4
Reinaldo Peinado Cano,Incompleto,Corriente,Cesante,2022-03-26,11652547,3
Marcia Bermúdez Pozuelo,Medio,Corriente,Dependiente,2021-04-25,4140376,4
Amparo Orozco Cervantes,Incompleto,Vista,Independiente,2022-01-19,12984715,1
Benigno Peñas Buendía,Universitario,Vista,Dependiente,2022-12-30,5450618,3
Pancho Cañete Leiva,Incompleto,Ahorro,Cesante,2022-09-26,12057787,1
Calisto Pol-Segarra,Universitario,Ahorro,Cesante,2021-01-28,10060461,2
Lola Mariño Álamo,Incompleto,Ahorro,Cesante,2021-12-04,2019018,3
Vito Haro Bosch,Incompleto,Vista,Cesante,2024-07-17,3047280,2
Donato Tur Conesa,Incompleto,Corriente,Independiente,2024-10-20,1431126,1
Teodosio Jove,Universitario,Ahorro,Cesante,2022-08-08,5802040,1
Angelina Pastora Quero Yuste,Medio,Vista,Cesante,2021-03-22,6135331,3
Odalis Zamora,Universitario,Corriente,Dependiente,2024-03-06,11688551,2
Albert Barros Cordero,Universitario,Vista,Independiente,2021-07-31,8544984,3
Ramona Lupe Lobo Barreda,Incompleto,Ahorro,Cesante,2021-12-30,5949427,3
Régulo Andrés Galán,Medio,Corriente,Dependiente,2024-02-16,1564174,3
Hortensia Abad Roca,Medio,Ahorro,Dependiente,2024-10-04,3976663,2
Calisto Arenas Pablo,Incompleto,Ahorro,Cesante,2021-01-17,10589052,4
Segismundo Castelló Alberto,Medio,Ahorro,Cesante,2023-03-02,12796216,4
Odalys Jódar Adán,Incompleto,Vista,Cesante,2021-04-07,6830439,3
Bernabé Alfonso Morera Requena,Universitario,Vista,Dependiente,2023-11-24,6958813,1
Teo Baeza Pintor,Incompleto,Ahorro,Dependiente,2020-12-07,14379674,4
Ale de Carbó,Universitario,Corriente,Independiente,2021-10-20,12938278,3
Flavio Rodolfo Cal Agustí,Universitario,Corriente,Cesante,2022-03-06,11149608,4
Néstor Faustino Figuerola Andres,Universitario,Corriente,Dependiente,2022-09-13,3520962,4
Sergio Victor Manuel Llobet Coll,Universitario,Vista,Independiente,2022-05-08,11079800,4
Alonso Sainz Leon,Medio,Corriente,Dependiente,2024-07-30,1773757,4
Régulo Heliodoro Fortuny Jordán,Universitario,Ahorro,Cesante,2022-04-28,4329758,1
Concepción Valls-Vilanova,Medio,Ahorro,Dependiente,2023-05-04,1576317,4
Jacinto Lledó-Feijoo,Incompleto,Vista,Cesante,2023-08-23,5165752,3
Concha Baños-Escolano,Universitario,Vista,Dependiente,2021-10-17,13968761,1
Jose Francisco Yago Oliver Niño,Universitario,Ahorro,Dependiente,2022-04-26,1693825,3
Martín Castrillo Sainz,Medio,Vista,Independiente,2023-01-04,383815,3
Teobaldo Tomas Salazar,Universitario,Corriente,Independiente,2024-05-16,14406412,4
Nicolasa del Cruz,Medio,Corriente,Cesante,2023-04-02,14565214,2
Julia Huguet-Velázquez,Medio,Vista,Cesante,2024-08-07,7607352,4
Paola Pla Rico,Incompleto,Corriente,Dependiente,2022-04-28,8791843,1
Marisa Morán Jaume,Universitario,Vista,Dependiente,2024-09-25,9725273,3
Mamen Valenzuela-Coca,Universitario,Ahorro,Cesante,2022-02-13,2221458,1
Pelayo Mendizábal Llopis,Universitario,Corriente,Cesante,2023-12-14,8618587,2
Ramiro Rincón-Clavero,Incompleto,Vista,Independiente,2023-03-24,11549242,4
Ezequiel Cantón-Ávila,Medio,Ahorro,Independiente,2021-10-19,1995346,2
Cleto Domínguez Ruano,Incompleto,Corriente,Cesante,2024-08-21,5801062,1
Esperanza Daza Collado,Universitario,Ahorro,Cesante,2022-12-19,3962862,2
Epifanio Tito Diéguez Carvajal,Incompleto,Ahorro,Dependiente,2023-06-03,13831387,4
Gala Montesinos Palomares,Incompleto,Vista,Dependiente,2022-10-02,11416423,1
Soledad Lago Bermejo,Incompleto,Vista,Cesante,2024-06-25,14381568,2
Guiomar Anastasio Bayón Crespo,Incompleto,Vista,Cesante,2022-04-16,7831869,3
Ramón Cerdán Bas,Medio,Ahorro,Dependiente,2021-04-07,3886821,3
Tere Mamen Sola Ariño,Universitario,Ahorro,Cesante,2024-08-06,3943640,3
Mariano de Silva,Universitario,Corriente,Dependiente,2023-12-13,4175851,4
Nico Cabanillas Anguita,Incompleto,Ahorro,Cesante,2024-06-14,12255932,1
Susana de Cabanillas,Incompleto,Corriente,Cesante,2022-10-10,1597871,4
José María Riquelme-Sastre,Universitario,Vista,Independiente,2023-10-13,13375138,1
Espiridión Barrena Manjón,Medio,Ahorro,Dependiente,2023-02-21,13233242,2
Teófila del Maza,Incompleto,Corriente,Dependiente,2024-07-31,13000959,3
Gema Malo Noriega,Medio,Corriente,Cesante,2024-03-28,8775911,3
Ramona Mateos Rojas,Medio,Vista,Independiente,2022-07-18,5435078,2
Nieves Bustamante Juliá,Universitario,Corriente,Cesante,2021-06-10,824314,2
Ibán Marí Bueno,Incompleto,Corriente,Independiente,2023-11-17,9795555,4
Macario Aroca,Universitario,Vista,Independiente,2023-08-12,5853899,1
Adelardo Mir Morán,Medio,Ahorro,Dependiente,2023-11-12,11569232,3
Nydia Lledó Llabrés,Medio,Ahorro,Dependiente,2024-10-08,14958672,1
Salud Benitez Carrera,Universitario,Vista,Cesante,2024-03-15,10626933,3
Jafet Bárcena-Rios,Universitario,Ahorro,Dependiente,2021-12-12,6340154,2
Julia Boix Guardia,Medio,Ahorro,Dependiente,2021-01-08,9498801,3
Feliciana Diez Tamayo,Incompleto,Corriente,Dependiente,2023-05-27,4906978,4
Samu Bonifacio Gomila Pina,Medio,Corriente,Dependiente,2023-04-12,903774,1
Luz del Pla,Medio,Ahorro,Cesante,2022-12-27,2961275,1
Leire Azorin-Sanmartín,Medio,Ahorro,Cesante,2023-04-02,7753915,4
Xiomara Nicolau Santamaría,Medio,Corriente,Independiente,2024-07-23,480723,2
Espiridión Reina Abellán,Medio,Ahorro,Independiente,2021-02-02,5714005,4
Tiburcio Valentín Gilabert,Medio,Vista,Independiente,2021-08-19,1386775,2
Agustín Carbonell Bilbao,Universitario,Ahorro,Cesante,2022-10-11,3141551,4
Reynaldo Cruz Barrena,Incompleto,Corriente,Dependiente,2022-12-23,13181756,4
Ema Maricruz Salamanca Company,Medio,Corriente,Dependiente,2024-06-02,3362488,1
Carlito de Tejedor,Medio,Vista,Independiente,2021-12-05,512068,4
Anastasia Castells Pelayo,Universitario,Ahorro,Independiente,2023-10-19,11882641,2
Benjamín Esteve-Mur,Universitario,Corriente,Independiente,2021-12-04,6896352,3
Nieves Torrens Calvet,Incompleto,Vista,Dependiente,2021-01-20,13595858,2
Etelvina Torralba Lerma,Incompleto,Vista,Cesante,2024-06-26,13188921,4
Felisa Terrón Carro,Incompleto,Ahorro,Dependiente,2022-03-25,1084612,4
Ariadna Camacho Morales,Incompleto,Vista,Dependiente,2022-06-23,6263422,1
Febe Balaguer,Incompleto,Ahorro,Cesante,2021-08-10,8415392,3
Yolanda Chacón Rodriguez,Universitario,Ahorro,Cesante,2022-04-06,494770,4
Feliciano Sotelo Oliva,Medio,Vista,Dependiente,2021-07-13,4725462,3
Juan Carlos Viña Santamaría,Incompleto,Vista,Cesante,2024-09-18,1544438,4
Amando Molins Seguí,Universitario,Corriente,Dependiente,2022-01-10,1402248,4
Cesar Montenegro Llamas,Incompleto,Corriente,Cesante,2022-04-18,8236456,3
Santiago Gallo,Incompleto,Ahorro,Dependiente,2023-08-25,12948361,1
Mar Rosell Rivero,Medio,Ahorro,Cesante,2024-05-15,5678095,3
Anastasia Amelia Abella Segura,Incompleto,Ahorro,Cesante,2022-10-25,14664873,1
Anselma Ayuso Navarro,Medio,Vista,Cesante,2024-09-16,11378054,1
Gerónimo de Blázquez,Medio,Ahorro,Dependiente,2021-03-09,14538367,4
Teobaldo Huguet Goicoechea,Medio,Ahorro,Dependiente,2021-04-10,4641533,1
Rico Figueras,Universitario,Vista,Cesante,2024-06-14,3437112,1
Yolanda Moles Blanch,Universitario,Ahorro,Dependiente,2024-08-15,9452277,1
Hilario del Barroso,Medio,Vista,Independiente,2022-08-04,11952715,2
Jeremías Linares Vall,Incompleto,Ahorro,Independiente,2024-04-16,14116022,3
Macarena Gallo Pastor,Universitario,Vista,Cesante,2024-08-19,9906280,4
Vasco Vigil-Otero,Universitario,Corriente,Dependiente,2024-11-19,12442058,3
Ernesto Guillen Gil,Incompleto,Vista,Independiente,2022-12-08,4297301,2
Carmen Cándida Alberdi Jover,Universitario,Vista,Independiente,2022-02-24,5996479,3
Josep Fuertes-Castillo,Incompleto,Corriente,Dependiente,2022-03-27,10152978,4
Guillermo Criado-Ballesteros,Incompleto,Vista,Cesante,2021-11-21,7419307,2
Aroa Llorente Laguna,Universitario,Ahorro,Cesante,2023-02-13,5535586,4
Amador Robles Ferrández,Universitario,Corriente,Independiente,2022-05-23,7709751,4
Margarita Olivé Campillo,Universitario,Corriente,Independiente,2023-03-25,5304981,2
Guadalupe Gárate Espinosa,Universitario,Corriente,Cesante,2021-08-12,11554022,2
Noé Catalá,Universitario,Ahorro,Cesante,2024-03-29,7831186,2
Moisés Jerónimo Leal Arce,Medio,Corriente,Independiente,2022-11-06,372572,4
Trinidad Melero Garcés,Universitario,Vista,Cesante,2023-02-08,6975549,2
Teresa Montenegro Leon,Universitario,Corriente,Cesante,2022-02-21,8754376,2
Merche Méndez Aguado,Medio,Ahorro,Cesante,2024-08-21,12201372,4
María Cristina Sola Verdú,Medio,Corriente,Cesante,2023-01-08,1173758,1
Loida Tatiana Ramón Miralles,Universitario,Corriente,Cesante,2021-04-10,8904024,4
Clotilde Izaguirre Hernando,Universitario,Vista,Cesante,2023-11-08,1827134,2
Eloy Benito Ribera,Universitario,Corriente,Dependiente,2021-06-26,1963924,4
Jose Carlos de Saldaña,Incompleto,Corriente,Cesante,2020-11-28,11086592,3
Macarena Núñez Carbajo,Incompleto,Vista,Cesante,2021-10-03,7597804,2
Andrea Girón Manrique,Incompleto,Vista,Dependiente,2023-01-22,9493162,1
Rosalía Palomares,Incompleto,Vista,Dependiente,2023-09-11,2253271,2
Roque Adán Codina Bejarano,Medio,Vista,Cesante,2021-05-06,2209761,1
Emiliana Luís Milla,Incompleto,Ahorro,Dependiente,2022-04-30,6707355,1
Dulce Tirado Carballo,Medio,Ahorro,Cesante,2024-05-12,5270241,4
Luis Miguel Gárate Amo,Medio,Corriente,Independiente,2021-06-09,13737158,2
Isabela Canales Corbacho,Universitario,Vista,Cesante,2023-12-30,6969364,3
Sofía Carro Arco,Incompleto,Vista,Independiente,2021-07-15,5297164,4
Andrés Felipe Fernández Ortiz,Universitario,Corriente,Dependiente,2020-12-25,9367756,3
Áurea Castro-Jáuregui,Medio,Ahorro,Cesante,2021-05-12,10750703,4
Teo Robles,Universitario,Corriente,Cesante,2023-03-05,980102,4
Fidel Lucio Serna Valle,Incompleto,Vista,Cesante,2022-09-30,14840411,4
Mayte Agullo,Incompleto,Vista,Cesante,2022-06-10,8224005,3
Pepita Lledó,Medio,Corriente,Independiente,2021-09-29,14613399,2
Ximena del Parejo,Medio,Ahorro,Independiente,2022-08-06,510359,1
Rosario Bernal Aparicio,Medio,Vista,Cesante,2021-03-04,1480634,2
Víctor Cáceres Romero,Medio,Ahorro,Cesante,2021-03-29,9109624,4
Jordán Tejedor Camino,Universitario,Ahorro,Cesante,2023-05-28,14021722,2
Rocío de Mur,Medio,Vista,Cesante,2022-01-31,737437,2
Alberto Bárcena-Hurtado,Medio,Vista,Independiente,2021-03-01,1862191,4
Calixto Angulo Garrido,Universitario,Corriente,Dependiente,2021-10-01,1142627,3
Sergio de Bermudez,Incompleto,Vista,Cesante,2023-10-19,2108665,4
Diana Fernández Conesa,Incompleto,Corriente,Independiente,2023-05-17,7438873,4
Oriana Agudo Sevillano,Universitario,Corriente,Cesante,2022-08-22,1242066,4
Joaquina Pardo Pino,Incompleto,Corriente,Independiente,2024-09-07,8615181,2
Diana Soria Badía,Incompleto,Ahorro,Cesante,2023-08-04,8788371,1
Maximiano Pina Prado,Incompleto,Corriente,Cesante,2021-04-08,3035169,3
Roberta Portillo Abascal,Universitario,Ahorro,Independiente,2023-02-13,8164893,3
Cristian Blazquez Mateo,Incompleto,Corriente,Dependiente,2021-08-24,12626729,4
Calisto Águila Amigó,Universitario,Corriente,Independiente,2022-04-12,1790046,4
Eloy Gutiérrez Garay,Universitario,Corriente,Cesante,2024-11-17,8093761,3
Pancho Pinilla Alvarez,Universitario,Ahorro,Independiente,2024-06-19,7919699,2
Ovidio Téllez Sarmiento,Incompleto,Ahorro,Cesante,2021-04-03,1102351,4
Gema Doménech-Lobo,Universitario,Corriente,Independiente,2021-05-01,7552416,1
Mireia Grande Tolosa,Universitario,Ahorro,Independiente,2022-06-26,13081604,3
Blas Salas Pujadas,Incompleto,Corriente,Dependiente,2023-11-23,6873276,3
Lalo Andrade Muro,Incompleto,Corriente,Independiente,2022-08-07,991532,3
Espiridión Riquelme Moraleda,Universitario,Ahorro,Dependiente,2024-10-18,8117388,4
África Galindo Ferrando,Universitario,Vista,Cesante,2021-10-13,4055349,4
Marisela Mir Gascón,Universitario,Corriente,Independiente,2021-03-01,14238711,4
Gastón de Balaguer,Incompleto,Vista,Dependiente,2021-12-01,5190689,4
Purificación Mateu Hoyos,Universitario,Corriente,Cesante,2024-09-09,4532852,2
Lalo Andrés Hernando Barceló,Incompleto,Ahorro,Independiente,2022-08-01,9042900,2
Gustavo Yáñez,Universitario,Vista,Cesante,2024-06-03,14692140,3
Pascuala del Aroca,Medio,Corriente,Cesante,2022-12-02,13720717,1
Jenaro de Mesa,Universitario,Corriente,Dependiente,2021-10-03,6741318,3
Vidal Ibarra Barrio,Incompleto,Ahorro,Independiente,2020-12-14,9297618,1
Paca Perera,Universitario,Corriente,Dependiente,2024-11-16,291498,4
Edelmira Aguilera Perelló,Medio,Corriente,Independiente,2022-08-10,1088852,3
Fabiola Roda Carretero,Universitario,Ahorro,Independiente,2023-11-23,3546476,2
Yolanda Conesa-Tena,Universitario,Corriente,Cesante,2024-05-08,2743715,2
Apolonia Roman Ródenas,Incompleto,Ahorro,Cesante,2023-03-28,7846197,2
Dalila Josefina Jove Roura,Medio,Corriente,Cesante,2024-10-25,14740075,1
Heriberto Eric Guillen Navarro,Incompleto,Corriente,Independiente,2024-09-26,1184407,4
Raúl Lucena Carreras,Incompleto,Vista,Independiente,2024-08-05,3420343,2
Bernardita Bernat Barbero,Universitario,Vista,Dependiente,2021-03-24,1575851,1
Rafa Isern Urrutia,Medio,Vista,Cesante,2021-02-23,4130800,3
Esperanza Escrivá Juliá,Medio,Corriente,Independiente,2022-03-17,793290,1
Fanny Peña Ricart,Incompleto,Corriente,Cesante,2023-05-06,14003971,4
Hilario de Gomez,Medio,Vista,Cesante,2022-06-11,12232667,3
Felicidad Benito Jaume,Incompleto,Ahorro,Cesante,2023-07-17,12755663,2
